947337664,NORMAL,150717:20383600,32.086079:34.885818,36.71
947337665,SHARP ACCL,150717:20383700,32.086090:34.885925,36.95
947337666,SHARP ACCL,150717:20383700,32.086094:34.886040,37.26
947337668,NORMAL,150717:20383900,32.086113:34.886299,44.54
947337669,SHARP ACCL,150717:20384000,32.086124:34.886433,45.21
947337670,SHARP ACCL,150717:20384100,32.086143:34.886578,44.5
947337671,NORMAL,150717:20384200,32.086159:34.886730,49.93
947337673,NORMAL,150717:20384400,32.086189:34.887039,52.13
947337674,NORMAL,150717:20384500,32.086205:34.887180,49.8
947337675,NORMAL,150717:20384600,32.086212:34.887302,46.11
947337679,SHARP ACCL,150717:20385000,32.086056:34.887577,22.95
947337680,SHARP ACCL,150717:20385100,32.085941:34.887634,32
947337681,NORMAL,150717:20385200,32.085812:34.887676,37.13
947337683,NORMAL,150717:20385400,32.085545:34.887749,46.61
947337684,NORMAL,150717:20385500,32.085426:34.887772,44.56
947337685,NORMAL,150717:20385600,32.085323:34.887764,42.28
947337686,NORMAL,150717:20385700,32.085217:34.887772,40.3
947337689,NORMAL,150717:20390000,32.084923:34.887821,37.23
947337690,SHARP ACCL,150717:20390100,32.084824:34.887833,37.48
947337691,SHARP ACCL,150717:20390200,32.084721:34.887848,39.71
947337693,NORMAL,150717:20390400,32.084480:34.887897,48.71
947337694,NORMAL,150717:20390500,32.084354:34.887932,50.8
947337695,NORMAL,150717:20390600,32.084221:34.887997,51.87
947337696,SHARP ACCL,150717:20390700,32.084095:34.888023,51.41
947337698,NORMAL,150717:20390900,32.083801:34.888130,61.25
947337699,NORMAL,150717:20391000,32.083649:34.888195,60.93
947337700,NORMAL,150717:20391100,32.083504:34.888248,59.67
947337701,NORMAL,150717:20391200,32.083366:34.888294,57.88
947337703,NORMAL,150717:20391400,32.083145:34.888378,49.24
947337704,NORMAL,150717:20391500,32.083065:34.888409,40.21
947337705,NORMAL,150717:20391600,32.083000:34.888428,31.5
947337706,NORMAL,150717:20391700,32.082947:34.888443,25.85
947337708,NORMAL,150717:20391900,32.082840:34.888477,22.39
947337709,SHARP ACCL,150717:20392000,32.082787:34.888485,21.41
947337710,NORMAL,150717:20392100,32.082729:34.888485,22.34
947337711,SHARP LEFT,150717:20392200,32.082664:34.888489,25.72
947337713,SHARP LEFT,150717:20392400,32.082584:34.888573,20.54
947337714,SHARP LEFT,150717:20392500,32.082588:34.888626,21.63
947337715,SHARP LEFT,150717:20392600,32.082638:34.888626,18.85
947337716,SHARP LEFT,150717:20392700,32.082710:34.888577,14.95
947337718,NORMAL,150717:20392900,32.082890:34.888462,30.26
947337719,SHARP ACCL,150717:20393000,32.082973:34.888428,32.8
947337720,SHARP ACCL,150717:20393100,32.083073:34.888397,34.45
947337721,NORMAL,150717:20393200,32.083187:34.888363,40.37
947337724,NORMAL,150717:20393500,32.083572:34.888229,54.12
947337725,NORMAL,150717:20393600,32.083698:34.888180,54.23
947337726,NORMAL,150717:20393700,32.083820:34.888130,51.69
947337728,NORMAL,150717:20393900,32.084030:34.888042,46.34
947337729,NORMAL,150717:20394000,32.084122:34.888012,41.28
947337730,SHARP LEFT,150717:20394100,32.084187:34.887985,33.11
947337731,SHARP LEFT,150717:20394200,32.084240:34.887939,25.08
947337733,SHARP ACCL,150717:20394400,32.084255:34.887772,28.35
947337734,SHARP ACCL,150717:20394500,32.084244:34.887680,28.09
947337735,NORMAL,150717:20394600,32.084229:34.887585,31.95
947337736,NORMAL,150717:20394700,32.084206:34.887493,33.06
947337739,NORMAL,150717:20395000,32.084179:34.887222,29.32
947337740,NORMAL,150717:20395100,32.084175:34.887131,30.45
947337741,NORMAL,150717:20395200,32.084179:34.887047,28.59
947337744,NORMAL,150717:20395500,32.084171:34.886864,18.5
947337745,NORMAL,150717:20395600,32.084171:34.886848,10.45
947337746,SHARP ACCL,150717:20395700,32.084167:34.886833,3.59
947337749,NORMAL,150717:20400000,32.084160:34.886684,21.72
947337750,NORMAL,150717:20400100,32.084152:34.886612,23.74
947337751,NORMAL,150717:20400200,32.084145:34.886551,23.89
947337754,NORMAL,150717:20400500,32.084053:34.886425,17.28
947337755,NORMAL,150717:20400600,32.084030:34.886398,15.85
947337756,NORMAL,150717:20400700,32.084015:34.886372,13
947340872,NORMAL,150717:21320700,32.083908:34.886227,0.17
947340874,NORMAL,150717:21320800,32.083923:34.886238,0.24
947340875,NORMAL,150717:21320900,32.083927:34.886246,0.31
947340876,NORMAL,150717:21321000,32.083935:34.886250,0.33
947340877,NORMAL,150717:21321100,32.083939:34.886253,0.35
947340879,NORMAL,150717:21321300,32.083946:34.886261,0.5
947340880,NORMAL,150717:21321400,32.083946:34.886265,0.24
947340881,NORMAL,150717:21321500,32.083946:34.886261,0.17
947340882,NORMAL,150717:21321600,32.083946:34.886265,0
947340884,NORMAL,150717:21321800,32.083935:34.886253,0.13
947340885,NORMAL,150717:21321900,32.083935:34.886253,0.22
947340886,NORMAL,150717:21322000,32.083965:34.886284,0
947340887,NORMAL,150717:21322100,32.083965:34.886284,0.11
947340889,NORMAL,150717:21322300,32.083965:34.886284,0
947340890,NORMAL,150717:21322400,32.083965:34.886284,0
947340891,NORMAL,150717:21322500,32.083965:34.886284,0
947340892,NORMAL,150717:21322600,32.083965:34.886284,0
947340894,NORMAL,150717:21322800,32.083965:34.886284,0
947340895,NORMAL,150717:21322900,32.083977:34.886292,0
947340896,NORMAL,150717:21323000,32.083981:34.886303,0.94
947340897,NORMAL,150717:21323100,32.083988:34.886311,2.24
947340899,NORMAL,150717:21323300,32.084000:34.886337,3.46
947340900,NORMAL,150717:21323400,32.084007:34.886349,3.69
947340901,NORMAL,150717:21323500,32.084015:34.886360,3.74
947340902,NORMAL,150717:21323600,32.084023:34.886372,3.69
947340905,NORMAL,150717:21323900,32.084049:34.886398,3
947340906,SHARP ACCL,150717:21324000,32.084053:34.886406,2.15
947340907,SHARP ACCL,150717:21324100,32.084053:34.886402,1
947340910,NORMAL,150717:21324400,32.084042:34.886303,15.19
947340911,SHARP ACCL,150717:21324500,32.084034:34.886257,15.46
947340912,NORMAL,150717:21324600,32.084023:34.886208,15.54
947340915,NORMAL,150717:21324900,32.083977:34.886002,24.19
947340916,NORMAL,150717:21325000,32.083958:34.885921,26.3
947340917,NORMAL,150717:21325100,32.083935:34.885838,28.34
947340920,NORMAL,150717:21325400,32.083881:34.885605,24.19
947340921,NORMAL,150717:21325500,32.083866:34.885540,23.06
947340922,NORMAL,150717:21325600,32.083855:34.885468,24.24
947340925,SHARP ACCL,150717:21325900,32.083790:34.885227,27.54
947340926,NORMAL,150717:21330000,32.083767:34.885136,29.39
947340927,NORMAL,150717:21330100,32.083736:34.885036,32.06
947340930,NORMAL,150717:21330400,32.083664:34.884766,28.78
947340931,NORMAL,150717:21330500,32.083641:34.884682,27.61
947340932,NORMAL,150717:21330600,32.083618:34.884605,28.93
947340935,NORMAL,150717:21330900,32.083538:34.884377,24.87
947340936,NORMAL,150717:21331000,32.083515:34.884308,25.22
947340937,SHARP LEFT,150717:21331100,32.083473:34.884254,23.39
947340940,NORMAL,150717:21331400,32.083286:34.884289,23.98
947340941,NORMAL,150717:21331500,32.083210:34.884319,29.69
947340942,NORMAL,150717:21331600,32.083141:34.884350,31.08
947340945,NORMAL,150717:21331900,32.082890:34.884415,30.76
947340946,NORMAL,150717:21332000,32.082817:34.884457,32.19
947340947,NORMAL,150717:21332100,32.082745:34.884487,30.95
947340949,NORMAL,150717:21332300,32.082607:34.884548,29.59
947340950,NORMAL,150717:21332400,32.082550:34.884575,26.37
947340951,NORMAL,150717:21332500,32.082470:34.884590,23.91
947340952,NORMAL,150717:21332600,32.082397:34.884617,28.89
947340954,NORMAL,150717:21332800,32.082245:34.884655,29.34
947340955,NORMAL,150717:21332900,32.082172:34.884682,27.84
947340956,NORMAL,150717:21333000,32.082111:34.884705,26.65
947340957,NORMAL,150717:21333100,32.082047:34.884720,25.87
947340960,NORMAL,150717:21333400,32.081886:34.884785,20.95
947340961,NORMAL,150717:21333500,32.081841:34.884792,19.78
947340962,NORMAL,150717:21333600,32.081810:34.884800,15.82
947340964,SHARP ACCL,150717:21333800,32.081799:34.884773,2.69
947340965,SHARP ACCL,150717:21333900,32.081779:34.884773,3.2
947340966,NORMAL,150717:21334000,32.081741:34.884789,11.48
947340967,NORMAL,150717:21334100,32.081696:34.884811,19.45
947340970,NORMAL,150717:21334400,32.081547:34.884888,21.54
947340971,NORMAL,150717:21334500,32.081478:34.884903,23.56
947340972,NORMAL,150717:21334600,32.081421:34.884926,22.84
947340975,NORMAL,150717:21334900,32.081295:34.884995,17.63
947340976,NORMAL,150717:21335000,32.081242:34.885017,19.72
947340977,NORMAL,150717:21335100,32.081192:34.885033,20.33
947340980,NORMAL,150717:21335400,32.081032:34.885086,19.95
947340981,NORMAL,150717:21335500,32.080990:34.885098,19.43
947340982,NORMAL,150717:21335600,32.080952:34.885105,18.63
947340985,NORMAL,150717:21335900,32.080826:34.885139,15.76
947340986,NORMAL,150717:21340000,32.080791:34.885147,11.63
947340987,NORMAL,150717:21340100,32.080769:34.885166,10.32
947340990,NORMAL,150717:21340400,32.080742:34.885170,0.54
947340991,NORMAL,150717:21340500,32.080742:34.885170,0.26
947340992,NORMAL,150717:21340600,32.080742:34.885170,0
947340995,NORMAL,150717:21340900,32.080742:34.885170,0
947340996,NORMAL,150717:21341000,32.080742:34.885170,0
947340997,NORMAL,150717:21341100,32.080742:34.885170,0
947340999,SHARP ACCL,150717:21341300,32.080742:34.885170,0.48
947341000,NORMAL,150717:21341400,32.080727:34.885189,4.94
947341001,NORMAL,150717:21341500,32.080700:34.885212,10.45
947341002,NORMAL,150717:21341600,32.080650:34.885235,15.17
947341005,SHARP ACCL,150717:21341900,32.080421:34.885292,24.95
947341006,NORMAL,150717:21342000,32.080330:34.885319,30.11
947341007,NORMAL,150717:21342100,32.080250:34.885349,32.1
947341009,NORMAL,150717:21342300,32.080101:34.885422,28.63
947341010,NORMAL,150717:21342400,32.080021:34.885448,27.85
947341011,NORMAL,150717:21342500,32.079956:34.885471,25.32
947341012,NORMAL,150717:21342600,32.079884:34.885490,23.85
947341015,NORMAL,150717:21342900,32.079758:34.885517,12.67
947341016,SHARP ACCL,150717:21343000,32.079735:34.885521,4.3
947341017,SHARP ACCL,150717:21343100,32.079716:34.885529,3.93
947341020,NORMAL,150717:21343400,32.079563:34.885571,23.3
947341021,NORMAL,150717:21343500,32.079491:34.885597,28.41
947341022,NORMAL,150717:21343600,32.079422:34.885620,28.8
947341025,NORMAL,150717:21343900,32.079208:34.885696,29.52
947341026,NORMAL,150717:21344000,32.079128:34.885719,30.28
947341027,NORMAL,150717:21344100,32.079052:34.885746,30.72
947341030,NORMAL,150717:21344400,32.078831:34.885822,29.72
947341031,NORMAL,150717:21344500,32.078766:34.885857,28.56
947341032,NORMAL,150717:21344600,32.078701:34.885887,27.71
947341035,NORMAL,150717:21344900,32.078503:34.885994,30.71
947341036,NORMAL,150717:21345000,32.078419:34.886028,33.89
947341037,NORMAL,150717:21345100,32.078339:34.886066,37.71
947341040,NORMAL,150717:21345400,32.078102:34.886162,32.84
947341041,NORMAL,150717:21345500,32.078030:34.886189,29.93
947341042,NORMAL,150717:21345600,32.077961:34.886208,27.97
947341045,NORMAL,150717:21345900,32.077744:34.886284,29.43
947341046,NORMAL,150717:21350000,32.077675:34.886311,31.47
947341047,NORMAL,150717:21350100,32.077602:34.886337,29.3
947341050,NORMAL,150717:21350400,32.077393:34.886417,31.6
947341051,NORMAL,150717:21350500,32.077324:34.886456,30.58
947341052,NORMAL,150717:21350600,32.077271:34.886505,31.06
947341055,NORMAL,150717:21350900,32.077133:34.886627,22.32
947341056,SHARP RIGHT,150717:21351000,32.077084:34.886635,19.08
947341060,NORMAL,150717:21351400,32.076931:34.886463,22.39
947341061,NORMAL,150717:21351500,32.076889:34.886395,26.3
947341062,NORMAL,150717:21351600,32.076839:34.886341,28.61
947341065,NORMAL,150717:21351900,32.076687:34.886135,29.47
947341066,NORMAL,150717:21352000,32.076637:34.886051,31.56
947341067,NORMAL,150717:21352100,32.076591:34.885967,31.48
947341069,NORMAL,150717:21352300,32.076511:34.885803,28.71
947341070,NORMAL,150717:21352400,32.076485:34.885719,28.32
947341071,NORMAL,150717:21352500,32.076466:34.885639,27.89
947341072,NORMAL,150717:21352600,32.076462:34.885567,25.71
947341074,NORMAL,150717:21352800,32.076462:34.885471,13.56
947341075,NORMAL,150717:21352900,32.076462:34.885448,9.2
947341076,NORMAL,150717:21353000,32.076462:34.885448,3.09
947341077,SHARP ACCL,150717:21353100,32.076462:34.885441,0.06
947341080,SHARP LEFT,150717:21353400,32.076454:34.885315,16.43
947341082,NORMAL,150717:21353600,32.076389:34.885178,27
947341084,NORMAL,150717:21353800,32.076298:34.885025,31.39
947341085,NORMAL,150717:21353900,32.076256:34.884933,32.3
947341086,NORMAL,150717:21354000,32.076210:34.884842,33.78
947341087,NORMAL,150717:21354100,32.076157:34.884743,36.41
947341089,SHARP RIGHT,150717:21354300,32.076069:34.884544,37.19
947341092,NORMAL,150717:21354600,32.076164:34.884323,25.78
947341094,NORMAL,150717:21354800,32.076290:34.884201,25.09
947341095,SHARP RIGHT,150717:21354900,32.076340:34.884132,27.48
947341096,NORMAL,150717:21355000,32.076412:34.884068,30.02
947341097,NORMAL,150717:21355100,32.076481:34.884003,34.04
947341100,NORMAL,150717:21355400,32.076675:34.883831,32.04
947341101,NORMAL,150717:21355500,32.076736:34.883774,30.26
947341102,NORMAL,150717:21355600,32.076794:34.883717,29.04
947341105,NORMAL,150717:21355900,32.076981:34.883514,34.19
947341106,NORMAL,150717:21360000,32.077034:34.883446,33.78
947341107,NORMAL,150717:21360100,32.077084:34.883385,30.71
947341110,NORMAL,150717:21360400,32.077209:34.883202,27.43
947341111,NORMAL,150717:21360500,32.077271:34.883133,27.67
947341112,NORMAL,150717:21360600,32.077335:34.883060,32.93
947341115,NORMAL,150717:21360900,32.077534:34.882843,34.13
947341116,NORMAL,150717:21361000,32.077599:34.882771,34.65
947341117,NORMAL,150717:21361100,32.077660:34.882702,33.56
947341120,NORMAL,150717:21361400,32.077820:34.882488,33.41
947341121,NORMAL,150717:21361500,32.077873:34.882423,31.91
947341122,NORMAL,150717:21361600,32.077927:34.882355,30.85
947341125,NORMAL,150717:21361900,32.078087:34.882141,35.32
947341126,NORMAL,150717:21362000,32.078144:34.882065,35.13
947341127,NORMAL,150717:21362100,32.078205:34.881996,34.32
947341131,NORMAL,150717:21362500,32.078434:34.881748,30
947341132,NORMAL,150717:21362600,32.078484:34.881691,28.39
947341135,NORMAL,150717:21362900,32.078644:34.881504,31.5
947341136,NORMAL,150717:21363000,32.078701:34.881439,31.02
947341137,NORMAL,150717:21363100,32.078758:34.881378,30.87
947341140,NORMAL,150717:21363400,32.078930:34.881184,31.35
947341142,NORMAL,150717:21363600,32.079037:34.881050,30.15
947341145,NORMAL,150717:21363900,32.079220:34.880840,31.74
947341146,NORMAL,150717:21364000,32.079281:34.880772,32.6
947341147,NORMAL,150717:21364100,32.079346:34.880695,34.48
947341149,NORMAL,150717:21364300,32.079460:34.880539,36.48
947341150,NORMAL,150717:21364400,32.079514:34.880466,35.41
947341152,NORMAL,150717:21364600,32.079620:34.880325,31.98
947341155,NORMAL,150717:21364900,32.079777:34.880127,29.82
947341156,NORMAL,150717:21365000,32.079834:34.880062,31.47
947341157,NORMAL,150717:21365100,32.079895:34.880001,32.54
947341160,NORMAL,150717:21365400,32.080063:34.879807,32.04
947341165,SHARP ACCL,150717:21365900,32.080158:34.879688,1.07
947341166,SHARP ACCL,150717:21370000,32.080173:34.879665,4.56
947341167,NORMAL,150717:21370100,32.080196:34.879612,14.06
947341170,NORMAL,150717:21370400,32.080223:34.879353,31.02
947341171,NORMAL,150717:21370500,32.080227:34.879253,31.93
947341172,NORMAL,150717:21370600,32.080238:34.879162,30.43
947341175,NORMAL,150717:21370900,32.080265:34.878876,32.56
947341176,NORMAL,150717:21371000,32.080265:34.878780,31.58
947341177,NORMAL,150717:21371100,32.080265:34.878685,30.89
947341180,NORMAL,150717:21371400,32.080284:34.878422,29
947341181,NORMAL,150717:21371500,32.080296:34.878342,27.87
947341182,NORMAL,150717:21371600,32.080311:34.878262,26.85
947341185,SHARP LEFT,150717:21371900,32.080353:34.878036,26.65
947341186,SHARP LEFT,150717:21372000,32.080334:34.877983,23.26
947341187,SHARP LEFT,150717:21372100,32.080276:34.877995,15.78
947341190,NORMAL,150717:21372400,32.079987:34.878067,32.95
947341191,SHARP ACCL,150717:21372500,32.079887:34.878075,35.15
947341192,NORMAL,150717:21372600,32.079777:34.878090,39.47
947341196,SHARP ACCL,150717:21373000,32.079441:34.878334,40.45
947341197,NORMAL,150717:21373100,32.079369:34.878445,45.17
947341199,NORMAL,150717:21373300,32.079227:34.878674,49.91
947341200,NORMAL,150717:21373400,32.079147:34.878788,49.93
947341201,NORMAL,150717:21373500,32.079060:34.878895,50.6
947341202,NORMAL,150717:21373600,32.078976:34.878998,50.87
947341205,NORMAL,150717:21373900,32.078728:34.879318,48.84
947341206,NORMAL,150717:21374000,32.078640:34.879433,52.63
947341207,NORMAL,150717:21374100,32.078552:34.879547,52.76
947341209,NORMAL,150717:21374300,32.078415:34.879799,51.32
947341210,NORMAL,150717:21374400,32.078339:34.879910,49.82
947341211,NORMAL,150717:21374500,32.078259:34.880013,48.76
947341212,NORMAL,150717:21374600,32.078182:34.880104,46.06
947341216,SHARP RIGHT,150717:21375000,32.077862:34.880157,25.85
947341217,SHARP RIGHT,150717:21375100,32.077797:34.880074,26.22
947341220,NORMAL,150717:21375400,32.077740:34.879665,36.06
947341221,NORMAL,150717:21375500,32.077728:34.879536,38.73
947341222,NORMAL,150717:21375600,32.077721:34.879398,41.17
947341224,NORMAL,150717:21375800,32.077732:34.879147,40.43
947341226,NORMAL,150717:21380000,32.077744:34.878933,35.37
947341227,NORMAL,150717:21380100,32.077755:34.878834,32.97
947341229,NORMAL,150717:21380300,32.077766:34.878620,34.35
947341230,NORMAL,150717:21380400,32.077770:34.878502,37.91
947341231,NORMAL,150717:21380500,32.077782:34.878395,36.8
947341232,NORMAL,150717:21380600,32.077774:34.878277,35.47
947341235,NORMAL,150717:21380900,32.077763:34.877934,36.61
947341236,NORMAL,150717:21381000,32.077763:34.877827,35.56
947341237,NORMAL,150717:21381100,32.077766:34.877720,34.74
947341240,NORMAL,150717:21381400,32.077770:34.877407,33.63
947341241,NORMAL,150717:21381500,32.077770:34.877296,36
947341245,NORMAL,150717:21381900,32.077774:34.876877,35.11
947341246,NORMAL,150717:21382000,32.077774:34.876770,35.67
947341247,NORMAL,150717:21382100,32.077774:34.876667,34.61
947341249,NORMAL,150717:21382300,32.077778:34.876457,35.11
947341250,NORMAL,150717:21382400,32.077782:34.876343,38.21
947341251,NORMAL,150717:21382500,32.077782:34.876232,37.93
947341252,NORMAL,150717:21382600,32.077782:34.876125,36.84
947341256,NORMAL,150717:21383000,32.077835:34.875763,29.95
947341257,SHARP LEFT,150717:21383100,32.077862:34.875683,30.6
947341260,SHARP RIGHT,150717:21383400,32.077820:34.875427,28.72
947341261,NORMAL,150717:21383500,32.077816:34.875332,32.32
947341262,NORMAL,150717:21383600,32.077805:34.875221,35.58
947341265,NORMAL,150717:21383900,32.077793:34.874851,42.52
947341266,NORMAL,150717:21384000,32.077797:34.874725,42.02
947341267,NORMAL,150717:21384100,32.077785:34.874596,40.91
947341270,NORMAL,150717:21384400,32.077793:34.874249,38.82
947341271,NORMAL,150717:21384500,32.077793:34.874142,36.71
947341272,NORMAL,150717:21384600,32.077789:34.874027,37.19
947341274,NORMAL,150717:21384800,32.077793:34.873798,38.37
947341275,NORMAL,150717:21384900,32.077801:34.873688,39.54
947341276,NORMAL,150717:21385000,32.077797:34.873566,38.61
947341277,NORMAL,150717:21385100,32.077789:34.873451,37.6
947341279,NORMAL,150717:21385300,32.077812:34.873245,35.78
947341280,NORMAL,150717:21385400,32.077812:34.873146,33.76
947341282,NORMAL,150717:21385600,32.077850:34.872967,31.15
947341285,SHARP RIGHT,150717:21385900,32.077820:34.872688,32.15
947341287,NORMAL,150717:21390100,32.077778:34.872448,39.37
947341290,NORMAL,150717:21390400,32.077774:34.872063,43.61
947341291,NORMAL,150717:21390500,32.077782:34.871937,43.89
947341292,NORMAL,150717:21390600,32.077789:34.871815,42.8
947341295,NORMAL,150717:21390900,32.077808:34.871452,41.02
947341296,NORMAL,150717:21391000,32.077824:34.871326,43.73
947341297,NORMAL,150717:21391100,32.077835:34.871208,42.52
947341300,NORMAL,150717:21391400,32.077850:34.870895,34.56
947341301,NORMAL,150717:21391500,32.077858:34.870800,34.1
947341302,NORMAL,150717:21391600,32.077862:34.870705,33.65
947341304,NORMAL,150717:21391800,32.077873:34.870537,28.89
947341305,NORMAL,150717:21391900,32.077888:34.870468,25.71
947341306,SHARP RIGHT,150717:21392000,32.077908:34.870403,23.74
947341307,SHARP RIGHT,150717:21392100,32.077946:34.870346,24.91
947341310,NORMAL,150717:21392400,32.078171:34.870304,31.76
947341311,NORMAL,150717:21392500,32.078259:34.870304,36.02
947341312,NORMAL,150717:21392600,32.078350:34.870304,37.23
947341315,NORMAL,150717:21392900,32.078667:34.870323,39.47
947341316,NORMAL,150717:21393000,32.078777:34.870335,38.54
947341317,NORMAL,150717:21393100,32.078876:34.870338,37.3
947341320,NORMAL,150717:21393400,32.079155:34.870358,34.65
947341321,NORMAL,150717:21393500,32.079239:34.870365,33.69
947341322,NORMAL,150717:21393600,32.079327:34.870373,33.04
947341324,NORMAL,150717:21393800,32.079494:34.870384,33.34
947341325,NORMAL,150717:21393900,32.079578:34.870392,33.93
947341326,NORMAL,150717:21394000,32.079670:34.870392,34.71
947341327,NORMAL,150717:21394100,32.079758:34.870399,35.37
947341330,NORMAL,150717:21394400,32.080036:34.870411,36.87
947341331,NORMAL,150717:21394500,32.080128:34.870415,37.1
947341332,NORMAL,150717:21394600,32.080223:34.870419,37.17
947341335,NORMAL,150717:21394900,32.080502:34.870434,36.95
947341336,NORMAL,150717:21395000,32.080593:34.870441,37.45
947341337,NORMAL,150717:21395100,32.080688:34.870445,37.5
947341340,NORMAL,150717:21395400,32.080948:34.870480,35.08
947341341,NORMAL,150717:21395500,32.081032:34.870495,35.21
947341342,NORMAL,150717:21395600,32.081120:34.870506,35.1
947341345,NORMAL,150717:21395900,32.081364:34.870541,32.11
947341346,NORMAL,150717:21400000,32.081440:34.870548,30.09
947341347,NORMAL,150717:21400100,32.081512:34.870560,29.71
947341350,NORMAL,150717:21400400,32.081745:34.870583,31.76
947341351,SHARP LEFT,150717:21400500,32.081810:34.870571,29.71
947341352,SHARP LEFT,150717:21400600,32.081863:34.870529,27.15
947341355,NORMAL,150717:21400900,32.081886:34.870308,23.63
947341356,NORMAL,150717:21401000,32.081875:34.870239,23.02
947341357,SHARP ACCL,150717:21401100,32.081867:34.870163,22.85
947341359,NORMAL,150717:21401300,32.081841:34.869984,31.22
947341362,SHARP RIGHT,150717:21401600,32.081890:34.869801,20.69
947341365,SHARP ACCL,150717:21401900,32.082134:34.869778,35.15
947341366,NORMAL,150717:21402000,32.082253:34.869785,41.28
947341367,NORMAL,150717:21402100,32.082378:34.869808,46.52
947341370,NORMAL,150717:21402400,32.082714:34.869869,42.34
947341371,NORMAL,150717:21402500,32.082817:34.869892,40.61
947341372,NORMAL,150717:21402600,32.082920:34.869915,39.5
947341375,NORMAL,150717:21402900,32.083195:34.869968,36.26
947341376,NORMAL,150717:21403000,32.083286:34.869980,37.5
947341377,NORMAL,150717:21403100,32.083378:34.869995,36.89
947341380,NORMAL,150717:21403400,32.083672:34.870049,40.93
947341381,NORMAL,150717:21403500,32.083778:34.870068,42.89
947341382,NORMAL,150717:21403600,32.083878:34.870087,41.98
947341384,NORMAL,150717:21403800,32.084080:34.870117,40.06
947341385,NORMAL,150717:21403900,32.084175:34.870136,39.73
947341386,NORMAL,150717:21404000,32.084267:34.870152,38.02
947341387,NORMAL,150717:21404100,32.084358:34.870167,36.47
947341389,NORMAL,150717:21404300,32.084530:34.870197,34.84
947341390,NORMAL,150717:21404400,32.084610:34.870205,33.76
947341391,NORMAL,150717:21404500,32.084690:34.870216,32.8
947341392,NORMAL,150717:21404600,32.084763:34.870228,30.21
947341395,NORMAL,150717:21404900,32.084988:34.870266,30.69
947341396,NORMAL,150717:21405000,32.085060:34.870281,30.34
947341400,NORMAL,150717:21405400,32.085232:34.870342,12.98
947341401,NORMAL,150717:21405500,32.085239:34.870346,4.33
947341402,NORMAL,150717:21405600,32.085239:34.870346,2.44
947341405,NORMAL,150717:21405900,32.085243:34.870346,0.02
947341406,NORMAL,150717:21410000,32.085243:34.870346,0
947341407,NORMAL,150717:21410100,32.085243:34.870346,0
947341410,NORMAL,150717:21410400,32.085243:34.870346,0
947341411,NORMAL,150717:21410500,32.085243:34.870346,0
947341412,NORMAL,150717:21410600,32.085243:34.870346,0
947341414,NORMAL,150717:21410800,32.085239:34.870346,0
947341415,NORMAL,150717:21410900,32.085243:34.870346,0.59
947341416,SHARP ACCL,150717:21411000,32.085255:34.870354,2.13
947341417,SHARP ACCL,150717:21411100,32.085285:34.870369,6.67
947341420,NORMAL,150717:21411400,32.085442:34.870392,22.21
947341421,NORMAL,150717:21411500,32.085499:34.870384,23.46
947341422,NORMAL,150717:21411600,32.085564:34.870384,23.74
947341424,NORMAL,150717:21411800,32.085701:34.870396,27.63
947341425,NORMAL,150717:21411900,32.085781:34.870399,29.19
947341426,NORMAL,150717:21412000,32.085854:34.870411,29.59
947341427,NORMAL,150717:21412100,32.085926:34.870422,29.8
947341430,NORMAL,150717:21412400,32.086151:34.870457,28.8
947341431,NORMAL,150717:21412500,32.086227:34.870468,29.91
947341432,NORMAL,150717:21412600,32.086311:34.870480,31.32
947341435,NORMAL,150717:21412900,32.086563:34.870525,34.82
947341436,NORMAL,150717:21413000,32.086651:34.870537,34.8
947341437,NORMAL,150717:21413100,32.086735:34.870548,34.11
947341440,NORMAL,150717:21413400,32.086971:34.870590,30.74
947341441,NORMAL,150717:21413500,32.087048:34.870602,30.74
947341442,NORMAL,150717:21413600,32.087128:34.870613,31.61
947341445,NORMAL,150717:21413900,32.087391:34.870659,35.43
947341446,NORMAL,150717:21414000,32.087475:34.870674,35.54
947341447,NORMAL,150717:21414100,32.087563:34.870686,35.28
947341450,NORMAL,150717:21414400,32.087811:34.870724,32.19
947341451,NORMAL,150717:21414500,32.087887:34.870735,31.3
947341452,NORMAL,150717:21414600,32.087959:34.870747,30.22
947341455,NORMAL,150717:21414900,32.088161:34.870773,27.69
947341457,NORMAL,150717:21415100,32.088257:34.870815,21.22
947341460,NORMAL,150717:21415400,32.088291:34.870911,9.74
947341461,NORMAL,150717:21415500,32.088295:34.870949,12.15
947341462,SHARP ACCL,150717:21415600,32.088295:34.870991,11.93
947341464,NORMAL,150717:21415800,32.088299:34.871109,18.32
947341465,NORMAL,150717:21415900,32.088299:34.871178,21.74
947341466,SHARP ACCL,150717:21420000,32.088291:34.871246,21.04
947341467,SHARP ACCL,150717:21420100,32.088284:34.871326,22.74
947341470,NORMAL,150717:21420400,32.088249:34.871597,31.45
947341471,NORMAL,150717:21420500,32.088234:34.871681,29.82
947341472,NORMAL,150717:21420600,32.088223:34.871765,26.85
947341475,NORMAL,150717:21420900,32.088203:34.872040,30.76
947341476,NORMAL,150717:21421000,32.088203:34.872124,27.85
947341477,NORMAL,150717:21421100,32.088200:34.872211,27.85
947341480,NORMAL,150717:21421400,32.088188:34.872478,29.26
947341481,NORMAL,150717:21421500,32.088188:34.872570,26.19
947341482,NORMAL,150717:21421600,32.088184:34.872654,25.02
947341484,SHARP ACCL,150717:21421800,32.088123:34.872768,25
947341485,NORMAL,150717:21421900,32.088089:34.872833,28.39
947341486,NORMAL,150717:21422000,32.088066:34.872913,31.04
947341487,NORMAL,150717:21422100,32.088043:34.872990,29.67
947341490,NORMAL,150717:21422400,32.087975:34.873234,30.65
947341491,NORMAL,150717:21422500,32.087952:34.873314,29.65
947341492,NORMAL,150717:21422600,32.087936:34.873398,29.45
947341495,NORMAL,150717:21422900,32.087875:34.873653,30.3
947341496,NORMAL,150717:21423000,32.087856:34.873741,30.97
947341497,NORMAL,150717:21423100,32.087837:34.873829,30.45
947341500,NORMAL,150717:21423400,32.087811:34.874115,31.74
947341501,NORMAL,150717:21423500,32.087795:34.874207,31.74
947341502,NORMAL,150717:21423600,32.087788:34.874298,31.24
947341505,NORMAL,150717:21423900,32.087749:34.874565,31.45
947341506,NORMAL,150717:21424000,32.087738:34.874657,29.84
947341511,SHARP RIGHT,150717:21424500,32.087589:34.874905,17.35
947341512,SHARP ACCL,150717:21424600,32.087524:34.874882,21.67
947341515,NORMAL,150717:21424900,32.087284:34.874817,29.58
947341516,NORMAL,150717:21425000,32.087212:34.874802,30.17
947341517,NORMAL,150717:21425100,32.087143:34.874794,27.89
947341520,NORMAL,150717:21425400,32.087002:34.874855,21.56
947341521,SHARP LEFT,150717:21425500,32.086987:34.874916,19.78
947341522,SHARP ACCL,150717:21425600,32.086971:34.874989,22.28
947341525,NORMAL,150717:21425900,32.086975:34.875267,30.58
947341526,NORMAL,150717:21430000,32.086971:34.875340,26.47
947341527,NORMAL,150717:21430100,32.086960:34.875393,23.52
947341529,NORMAL,150717:21430300,32.086960:34.875458,9.87
947341530,SHARP ACCL,150717:21430400,32.086967:34.875481,6
947341531,SHARP ACCL,150717:21430500,32.086987:34.875507,10.04
947341532,SHARP ACCL,150717:21430600,32.087040:34.875538,14.04
947341535,NORMAL,150717:21430900,32.087276:34.875580,32.21
947341536,NORMAL,150717:21431000,32.087376:34.875591,37.06
947341537,NORMAL,150717:21431100,32.087467:34.875599,35.87
947341540,NORMAL,150717:21431400,32.087650:34.875572,21.24
947341541,SHARP LEFT,150717:21431500,32.087685:34.875549,16.39
947341542,NORMAL,150717:21431600,32.087700:34.875511,12.72
947341545,SHARP ACCL,150717:21431900,32.087719:34.875343,19.43
947341546,NORMAL,150717:21432000,32.087730:34.875256,24.06
947341547,NORMAL,150717:21432100,32.087742:34.875168,29.09
947341550,NORMAL,150717:21432400,32.087769:34.874905,27.61
947341551,NORMAL,150717:21432500,32.087776:34.874825,26.26
947341552,NORMAL,150717:21432600,32.087776:34.874748,25.28
947341555,SHARP ACCL,150717:21432900,32.087788:34.874523,23.45
947341556,SHARP ACCL,150717:21433000,32.087799:34.874432,28.93
947341557,NORMAL,150717:21433100,32.087814:34.874317,34.91
947341560,NORMAL,150717:21433400,32.087868:34.873989,35.85
947341561,NORMAL,150717:21433500,32.087883:34.873894,33.32
947341562,NORMAL,150717:21433600,32.087898:34.873806,31.02
947341565,NORMAL,150717:21433900,32.087982:34.873554,31.5
947341566,NORMAL,150717:21434000,32.088009:34.873470,30.54
947341567,NORMAL,150717:21434100,32.088032:34.873383,30.39
947341570,NORMAL,150717:21434400,32.088070:34.873089,34.06
947341572,NORMAL,150717:21434600,32.088085:34.872883,34.58
947341575,NORMAL,150717:21434900,32.088112:34.872589,32.45
947341576,NORMAL,150717:21435000,32.088123:34.872486,34.56
947341577,NORMAL,150717:21435100,32.088135:34.872379,35.04
947341580,NORMAL,150717:21435400,32.088173:34.872074,34.6
947341581,NORMAL,150717:21435500,32.088181:34.871971,34.72
947341582,NORMAL,150717:21435600,32.088192:34.871868,34.85
947341584,NORMAL,150717:21435800,32.088215:34.871670,33.65
947341585,NORMAL,150717:21435900,32.088230:34.871578,32.56
947341586,NORMAL,150717:21440000,32.088242:34.871487,31.47
947341587,NORMAL,150717:21440100,32.088253:34.871395,30.63
947341590,NORMAL,150717:21440400,32.088291:34.871132,30.48
947341591,NORMAL,150717:21440500,32.088306:34.871052,28.54
947341592,NORMAL,150717:21440600,32.088314:34.870968,28.65
947341595,NORMAL,150717:21440900,32.088322:34.870796,18.52
947341596,NORMAL,150717:21441000,32.088318:34.870781,11.82
947341597,SHARP ACCL,150717:21441100,32.088310:34.870762,4.2
947341599,NORMAL,150717:21441300,32.088257:34.870720,12.54
947341600,NORMAL,150717:21441400,32.088215:34.870708,15.04
947341601,NORMAL,150717:21441500,32.088173:34.870708,16.04
947341602,NORMAL,150717:21441600,32.088120:34.870701,18.13
947341604,NORMAL,150717:21441800,32.087994:34.870682,23.72
947341605,NORMAL,150717:21441900,32.087921:34.870670,26.82
947341606,NORMAL,150717:21442000,32.087845:34.870663,29.24
947341607,NORMAL,150717:21442100,32.087772:34.870659,30.13
947341610,SHARP ACCL,150717:21442400,32.087635:34.870739,34.24
947341611,NORMAL,150717:21442500,32.087631:34.870808,27.21
947341612,NORMAL,150717:21442600,32.087624:34.870880,23.06
947341615,NORMAL,150717:21442900,32.087612:34.871037,16.39
947341616,NORMAL,150717:21443000,32.087608:34.871075,12.41
947341617,NORMAL,150717:21443100,32.087616:34.871105,11.24
947341619,NORMAL,150717:21443300,32.087643:34.871143,5.7
947341620,NORMAL,150717:21443400,32.087646:34.871147,3.41
947341621,NORMAL,150717:21443500,32.087650:34.871151,2.02
947341622,NORMAL,150717:21443600,32.087650:34.871151,0.89
